filename,label
a324c53bd5d54e39b5b3dce8581d46e4.mp4,1
643105f9b1224e1e87165df677c5997c.mp4,1
e509641f622b41879aa6b9a2735d4cdf.mp4,1
8b3145faeed34858b7375f0db2eda05c.mp4,1
da4711e4c4bf4410aeb8e567ce1b76e0.mp4,1
f7f5f43ffac44155bdfefa4548886bd5.mp4,1
6bd2de8a1b1c4666b506d66865d25317.mp4,1
56db7876688b458fb5160bb4c4a27b84.mp4,1
1d5eb90b10964676a0e7f6b17897ca9c.mp4,1
695c7f6aee79471ebc1d0142d6dc46b4.mp4,1
21a22ff56fcd4a23ae6faafa902bdb22.mp4,1
fc21632ae3f2483caf5d12ba83d64dbc.mp4,1
8a09afd7424640e79b2e94b683bac2a1.mp4,1
4c45384b50674dfc9a35d62e8bda76c5.mp4,1
10679fced23448b7b64e4cf69d5e6970.mp4,1
5776fa53bca148f68292527afcf6e2e9.mp4,1
1db8c3ae1ddc4cb5af853f4c6b195072.mp4,1
1a364f1dfbd94ae5a692bde2971679fb.mp4,1
0fe572f8cd3045c9a7de2313dba0dc64.mp4,1
ff24a4dbea724aad936b77caa83b899b.mp4,1
f5b73332e9e84179a1951bf960ff0ffd.mp4,1
676413939b2f44159ae020ad4e51d22c.mp4,1
38cd507770734650b715b0387837032a.mp4,1
d815b0b24bf44c5d9932af518a9c721e.mp4,1
2abf811c4121429582039bbcd3ecea67.mp4,1
d0c5c18e3b604b19a25632e41db2fc2c.mp4,1
6e0c3ba8f4a140fb86d83bce270fdfca.mp4,1
58f199305b654a11a5a39ceac5c001eb.mp4,1
70b6207475db45e991f78dad98496e6f.mp4,1
f826e25246d740e8800eb3b56ecb8dee.mp4,1
18c6e944c89642d6a8b314bd9cd784ac.mp4,1
e893bc43285949a0a35f349702ba8428.mp4,1
2a7fdfd0881340ff874d981ef7505573.mp4,1
ab4a5f2a6022430ca83ef0994113a7b7.mp4,1
9007377bf4dc4e6891cb714016c71d4c.mp4,1
ea9c09a2b04b466a83f3cb09a79ffc6f.mp4,1
c6f70da0a0cd43ac92f6feda823898a9.mp4,1
0e8884d1636245cb82a6ba94a2b58ae3.mp4,1
dff6c6b8bc0b411c9637d00f465db266.mp4,1
b618b393fe96488f93e8a41546fa9d18.mp4,1
99865f7ddebb47709de522c8061a0ba8.mp4,1
a7f08695599546aaa24be049bc2bc0ad.mp4,1
b942d868f52d42fe9ce889d1afb2dd42.mp4,1
edf1645f980641e88cc2ba9502ae1c76.mp4,1
94184cb7b6db4d99b3efb1d944336e4f.mp4,1
94712176dcaa41f59d3510df3a87e2f5.mp4,1
bb697b40dfaf4c859cd3b127a9363dfb.mp4,1
519e79e3e6e146db986827acdf5dd079.mp4,1
db6a41a3db2a4a4db925e7414c8d5c43.mp4,1
96190ccbc27a47dc87a314929872f38d.mp4,1
bedcea40a36f44acaeb4e35fe33132e3.mp4,1
e51bf91ef02d49609509d16fa123e3b4.mp4,1
4b12aae86801476e9fee439a45cb58c5.mp4,1
21d92fdd3204422a92a75edaa79d668f.mp4,1
0725a3438e6642899c29efa683ea56ed.mp4,1
5dbc9d2b03494d3c861adc8a996b8ee7.mp4,1
597a1d2710d34ea2b2f1783a93ea5040.mp4,1
b6326b8e53424c0eb75a0ebde7caf338.mp4,1
ac597cab8dce4ca8af3535c965377b85.mp4,1
00d118f10bd541c5b139e1efead4fd5e.mp4,1
6b1c9e6e33084e3ea1cc0f37842b9ffd.mp4,1
089e02320d08420cbb4dd26e8a667568.mp4,1
5e34cf1469fa4f08a069cd64eefe4516.mp4,1
9e922011cba64ee6ab23e0740926b086.mp4,1
2ee47655ad3e4b508ecc677d406b210b.mp4,1
d7c6e46f99eb456a83fcfd4d82f5dcf2.mp4,1
da68fe68a4c94c15b3b3937b72456c3c.mp4,1
75bdee91721d43e28fb0e5996bff0b02.mp4,1
7fbf4c3229c64b4892814739805ea52f.mp4,1
d57a2b13fb3045918af2c359858d779d.mp4,1
5bd0a25e7f334a809b6bd81e682dab33.mp4,1
137141af9cd844d08afa710c9a16c7f2.mp4,1
21ba55a4bd45407a9133dbef6e61470b.mp4,1
4a381e00d1644b4683312f7a7a2665dc.mp4,1
0696a1e488434983a68e0c992a552028.mp4,1
2380588a80104e219c5ca4f2c531e2ab.mp4,1
9cc93870dfc64a60bfd578c1f5cec3fc.mp4,1
c7504e58f18546c4a03f26280f591345.mp4,1
c8219b7088a6459b9028bf5388a68e3c.mp4,1
704152885cce4e34aeee0d58bf52bc92.mp4,1
2364af65cad943c59a343860e62722e9.mp4,1
4342f6aa82864997849c98b7cadf79eb.mp4,1
7ec8010a03324bb2804d832a880245e9.mp4,1
08d19dbe2fc5454d9c373ae9818e0c2d.mp4,1
9c1c0cfced62429b9142a7325dbd79c2.mp4,1
ce69d3b6d2ec49c19dd2bc10ebbb381f.mp4,1
bd6eabe56f084f77a133abf535d8a34a.mp4,1
9dbd2635c04f44ec86dc5d6eae1bda7f.mp4,1
3328b53c77344f679f662d8257b9a7c3.mp4,1
0d6fd093eac0437daf2779a9c6a7c999.mp4,1
9f9e4db466534e39ba21d0625fc0a813.mp4,1
184e008d96164eb78f684bf4d5d9cf7b.mp4,1
582cb5f18a5a49139e18dfaefefc294c.mp4,1
55416740e99a4dd7a73c77105f52cc0b.mp4,1
0d8a250b08734c1db42b94fd2a2e45a1.mp4,1
00469837ba4849189cbf35c65089ee55.mp4,1
6378b37936b240258cda9f7b9b3fa42e.mp4,1
12e08f5c92dd470b87a69afbfd72c7d1.mp4,1
229029d33d43435dabea616f761e624e.mp4,1
fa86717d0db64707a8d96dfdad32aaa9.mp4,1
9ddee4e2a94e428bb3b4081b35567bc2.mp4,1
b4e264dc7e364ef29f1a42e108452c92.mp4,1
1309fd10d4bc40689012cc651f334744.mp4,1
e3f1644d9d39462ab5926b41f5585fdd.mp4,1
168e1275e488419199b4dea6f93ca5e3.mp4,1
ca6d98f504264c49ad24fbd56257927e.mp4,1
7536a1c6bcaa4167ba36536817f5d3c7.mp4,1
34f8588e58e540acba499e1ba1a6d894.mp4,1
0390a7d8106044d7bae64e0d6a473e4d.mp4,1
58bdcb631c1d44f1a13f822b0fe12481.mp4,1
a6902d72fea64040aa6dd712fa507b5b.mp4,1
09a1f0e3bb9c453d9e666099e5980d98.mp4,1
5878f7b5a2dc4402973c4cb329f0db88.mp4,1
9e56a8730b52469590a9598a25460429.mp4,1
2a49ba8c2fa64fd2bf46ff0ddcf4152d.mp4,1
8a870c44f34e46289647930de6688f74.mp4,1
4cd676bcacfd440285778edaa5c8c6c8.mp4,1
f5a0fdaed91b470fbcb7d249050b4561.mp4,1
451d5f023633421c97aa3430f7add699.mp4,1
1acd592279b743bdbbc1d76fc4697296.mp4,1
a6d64ce05c3848db934ded8194dfaf21.mp4,1
d03b1d42ba4c4556883b373b8c63bf91.mp4,1
a3d3c65e32894739b0487d443e1b9f77.mp4,1
01b074f17d764130b730ba2a170dd4cc.mp4,1
47091d45c0c041e29ac4fcb9b2a674b6.mp4,1
632c1fff9cd04260a831a01990b7d8de.mp4,1
bc02e1957f5448e1904de71cc70ae5c6.mp4,1
ec705fe31ed249f588fb37134f10c9fe.mp4,1
2dfbeaa8eae04ba1be41c1888547e200.mp4,1
c245ece84d924a08a82924806fcfc43c.mp4,1
3be418ec86c44686878df4952d8e0456.mp4,1
e7e9710e151d4120aa3efef5cf4f4f99.mp4,1
fea90b890b41403bb3e47caa8a1d9bd7.mp4,1
fb9f2b2ed08d46ddbfbf640d30ff55e8.mp4,1
a9b137470f874349a1ccf07c188be370.mp4,1
e7dfe8c2f9994a4f941bb905e5d77f34.mp4,1
f69747bd87734869a1f9778470f866ab.mp4,1
2ff3da167acf4148b5fc92b52e6fce9d.mp4,1
d7d938279e43488cb35d304c1fedf228.mp4,1
7009f6cafdbd46d48ca89be78b977428.mp4,1
cb5c86b4f680462fa7d9c348c5009080.mp4,0
e81de1a9efb941638ebba3d23544d73d.mp4,0
c5a35a7c372e4604a3df77f8db175983.mp4,0
0448b49353124ac6bbdd01972f0cd696.mp4,0
e0383218bfc040e7820577f000933356.mp4,0
3f2d71347cdd4b1dad470d40c0251df9.mp4,0
65066b2d0301484fa83c3464fd2ead02.mp4,0
a2f2061b086f48a1aa4e4bddffe79b7f.mp4,0
6ee5cbc9efb8448a970f085b8c58a500.mp4,0
dc8d761ec73d49b7aff124624578612c.mp4,0
265ffa0d0a5d42bc83980b30ce8eca67.mp4,0
d8831e11aac54b6daed070f518c3abb3.mp4,0
9bd43d94d0b043a2aa9aa74c404ee5ef.mp4,0
afa40d04bbde4f83be44c9b7ecb2654a.mp4,0
e5e24ae529204a9186a71a1154fa1102.mp4,0
fbd67b0f6c72466a805268b98fcbea41.mp4,0
06e177aee031472ba6d0cacfe8cb6026.mp4,0
5a58975c35e4479381cfd456c78d863f.mp4,0
8e74bdcf8d2a43348180ad4732ad252e.mp4,0
c9b62b3445044b8f892ccb24a27089d7.mp4,0
19fca91794364c4fb79fbcb5a86ae11c.mp4,0
8f9cc349ee20414994d50f430a911d66.mp4,0
be751197983e41658e28002c393eeeaf.mp4,0
777b040203ae4478a49882c98bd25934.mp4,0
286d0c2f323041f5bd819fac9abd7a63.mp4,0
cbf3f22b66c249aa987c37cc4902742c.mp4,0
1c22b74dc27f485bbcb5ed40321db225.mp4,0
4bf05cf079e846f3b247721c07e75d81.mp4,0
e88290476f984f9eb8eda7795ac68a66.mp4,0
2b4151eca01d45cb92c4595d687172a6.mp4,0
139f35b6dd7041d587bfd6535fe459d9.mp4,0
c657fb1e78894cad83b6ddea8130dc79.mp4,0
117139e6e83641979b8cae719b712f0b.mp4,0
1d394cd877d44c89a01e03072e1f7748.mp4,0
69a88010e30d4ae5abf3cdb181eef579.mp4,0
8050c94e75ea49c798c2ac9765be15db.mp4,0
56b7a06e689b41e49b6a72db82dfa3be.mp4,0
065a4934e9894a7a948602532825ca4a.mp4,0
2461ff9e507f4798b714f8d72a58083b.mp4,0
b9e9bbef90d14c13aaa9536d45f72ef2.mp4,0
c2193ca54c374cde8f5500deaf641fe4.mp4,0
2a62129ee01d4330ad8389eff2b69089.mp4,0
8075ae747d1d409fabf20c27a8651fe8.mp4,0
42d2cb30c4d04d079b1170e7b72f5d01.mp4,0
0c594678414b42a08e5a56576d502f94.mp4,0
5c092257351e441abb4a6922260d04a9.mp4,0
024c1206f69344c599d3617cc310adea.mp4,0
4ed52ce9e19a4868ada5bd9db2fbd9e1.mp4,0
aad67175b0384df89b16c04377d51239.mp4,0
161befae921641768fade2d176d68ade.mp4,0
7c514fa942d94e42ab95d68297787605.mp4,0
2641eb8bde2543bca944543b83c7a4a7.mp4,0
2035da5ce3184ecd9deda8ced7ece213.mp4,0
86970dbac63044b4b610d23f7ad46471.mp4,0
0fed496099a54d9aa60135678e145006.mp4,0
f281d3375d0445f4afd1b7648cdc19d1.mp4,0
72cf5af73a5a4aeab768d8105b582278.mp4,0
9a578aa1abf14106a609bd84a14560a3.mp4,0
fd12c6164dad4e9da394076991b4ea3a.mp4,0
a1e270d4e5104efe80145bc416bbde32.mp4,0
e004804190de4885ad06b922f533760d.mp4,0
bbf04f296deb4410ba0940dbb32088ef.mp4,0
6f75f0c30cd24912835883dae0e1406f.mp4,0
3ba664e773a9466682f758a438a16301.mp4,0
4f5aa454694a4bea8a9dd171401ed97e.mp4,0
bd9e133e403944ab9f86d7ba7fca69bc.mp4,0
65f16bf9ff224ae98c367c83a031a47a.mp4,0
d8ec9d1dad9e4501a2d0495f20f3d2a2.mp4,0
b44cd7cbc5684c5883b05f2e0e3e7e77.mp4,0
526eb1d5e4664d5680c34e24ea245b0c.mp4,0
ce6e6d844d824c838bf33b69035675eb.mp4,0
c96f218e3c6a40aebb4e6b21647008e0.mp4,0
46ea2583d72e458cb56ae8af5602608c.mp4,0
3ae71fea479042aebf6fa86ddce009a2.mp4,0
373d309b8b2847678dd9fae14a8c9fef.mp4,0
9954f9340fa14c199cdbceb8d4e9ca27.mp4,0
4222653b10814dcbb4510e8d081d8511.mp4,0
a95b322de208452cba700c7cabae61fe.mp4,0
a486bd76ef0a43b49bfe27b17b78f81f.mp4,0
c93833f05b72443caff7d8e75c0d5ebf.mp4,0
ec051a079a414be69b8cdddbeccd4b19.mp4,0
28267ca309334a9ba0fd55c2558e4fa9.mp4,0
5eedd312f5a84049a37dda572b57ea29.mp4,0
83b8e76e820345c7a5e1090abbb507fa.mp4,0
7b4710b0c94949a683ce40bbc44fa7ed.mp4,0
d7b96982c3af475ebad1d3de0f8ae442.mp4,0
ab0b6316772b4287bf4e7e818551ef61.mp4,0
1cc4c51e7e594e60903dbaae8751e880.mp4,0
45a50c5fa26248118653fc38600202ee.mp4,0
e69344c4fdcc48faa8a5bf951b30aa21.mp4,0
42f784ced99344adab8cea58414f7fa3.mp4,0
ef460af382f74e9bb28a431fd25e23a6.mp4,0
da7fe541cc6a46ecbf950486c9574223.mp4,0
bf5f6b30e4cf45c58ce948cd55a89cf1.mp4,0
be50ed59715041b4a55b9ebe05648c46.mp4,0
2f5839db37a8477aa898b2b0366ac26a.mp4,0
f9a1f00e26b74eaa8ffbc8fcd88bc2e8.mp4,0
808c42c288bc432f9f8a99babe012dfe.mp4,0
cabc14b426d1477f8f8a0fe47879a748.mp4,0
fce0b131211943109aed4e10fb9208a2.mp4,0
b58f3f9570e346ef88c681ff0792b4dc.mp4,0
1c57edafb6c440e9b80d4dac17b371ab.mp4,0
d25290b233e34a8bb8c3ca9ce3e0dc0e.mp4,0
9d228d884a224d428008ed3f97c46523.mp4,0
6fc2fd15085a4b42802636255364c68e.mp4,0
89ff6a279b8b4eb4a80f3f379c4db12a.mp4,0
3c4a804976384ef182f6309747aef3c4.mp4,0
d58856e043be4d729d4a65a3925a4397.mp4,0
dc79ff7a8c68472aa2ee8bb2396f2eaa.mp4,0
ef5394096805429caa20d533956d8f91.mp4,0
b859b665fe3b4183ac12e302cd240774.mp4,0
a14ee2c6e2ff4bc4b651c5ad3e90d096.mp4,0
38970b33f1c34206b0d7c35d27252d4e.mp4,0
8ff5cf4553794c389552485cf0db57cb.mp4,0
063a80deef7945e6bd8d5ba1bffa2b94.mp4,0
81f039cad2694834b03c3765ecd24a96.mp4,0
999e4a0754794d9caac2a509c3831d62.mp4,0
85a93c1f03ca484689da9bf47026d477.mp4,0
a2006629522f406ba146d980bd50a80c.mp4,0
950515bc216c477b9b4d6596076817c8.mp4,0
d756e4005c544c50b113a9958691ea19.mp4,0
c71d8d6aa6cb4613b40c06879ae7ca22.mp4,0
76148aa4bb2e4c6dba578cd4db7bb034.mp4,0
b1b13e2de37c4eebb52686a2bcfcbbd0.mp4,0
65548296e4254812832c6aaeff898cdc.mp4,0
45666811993943ada24e17d16c08b837.mp4,0
f5937508aa9d44798f87a3a5aa1326e1.mp4,0
83c0f0e813fc4c54b4a5c92ea047c28f.mp4,0
4a8dea81b45d48499543468d1784dc09.mp4,0
efc62ee90bff4e07900f67f4c90c068c.mp4,0
9cd95605621647558684581a7a86466d.mp4,0
9f2acc2e4a064eaba35586d8cd60fbcf.mp4,0
8c8c7bb1296f4257a5b2835108b0ff46.mp4,0
698f90c8413247eab6bb4d89d19e6c50.mp4,0
5e3484453f0f4b899347ca2d9069f367.mp4,0
656557e21c454e4dad4e5f80c29d4490.mp4,0
2d57c9eb9a6d4c519c0d584d94f1dbd9.mp4,0
22e0aa05ac2447edb2cddb4b0ffd5063.mp4,0
192b8d6ffbe944f2bda281b36a39eecc.mp4,0
72de90a0755b4adfa09c4040dfec2873.mp4,0
